Category,Quote,
Inspirational Quotes,Try not to become a man of success but a man of value …, 
Inspirational Quotes,Forever – is composed of nows …, 
Inspirational Quotes,The best and most beautiful things in the world cannot be seen or even touched - they must be felt with the heart, 
Inspirational Quotes,The best preparation for tomorrow is doing your best today., 
Inspirational Quotes,Keep your face always toward the sunshine - and shadows will fall behind you., 
Inspirational Quotes,Start by doing what's necessary; then do what's possible; and suddenly you are doing the impossible, 
Inspirational Quotes,"I can't change the direction of the wind, but I can adjust my sails to always reach my destination.", 
Inspirational Quotes,Do your little bit of good where you are; it's those little bits of good put together that overwhelm the world., 
Inspirational Quotes,"Nothing is impossible, the word itself says 'I'm possible'!", 
Inspirational Quotes,Believe you can and you're halfway there., 
Inspirational Quotes,"Put your heart, mind, and soul into even your smallest acts. This is the secret of success.",
Inspirational Quotes,"Perfection is not attainable, but if we chase perfection we can catch excellence.", 
Inspirational Quotes,"To the mind that is still, the whole universe surrenders.", 
Inspirational Quotes,"If I have seen further than others, it is by standing upon the shoulders of giants.", 
Inspirational Quotes,Don't judge each day by the harvest you reap but by the seeds that you plant., 
Inspirational Quotes,"We can't help everyone, but everyone can help someone.", 
Inspirational Quotes,"I hated every minute of training, but I said, 'Don't quit. Suffer now and live the rest of your life as a champion.", 
Inspirational Quotes,"Even if I knew that tomorrow the world would go to pieces, I would still plant my apple tree.", 
Inspirational Quotes,"We must let go of the life we have planned, so as to accept the one that is waiting for us.",
Inspirational Quotes,"If a man does not keep pace with his companions, perhaps it is because he hears a different drummer. Let him step to the music which he hears, however measured or far away.", 
Inspirational Quotes,Someone is sitting in the shade today because someone planted a tree a long time ago., 
Inspirational Quotes,"Your work is going to fill a large part of your life, and the only way to be truly satisfied is to do what you believe is great work. And the only way to do great work is to love what you do. If you haven't found it yet, keep looking. Don't settle. As with all matters of the heart, you'll know when you find it.", 
Inspirational Quotes,Let us sacrifice our today so that our children can have a better tomorrow., 
Inspirational Quotes,There are two ways of spreading light: to be the candle or the mirror that reflects it., 
Inspirational Quotes,"Two roads diverged in a wood and I - I took the one less traveled by, and that has made all the difference.", 
Inspirational Quotes,"Accept the things to which fate binds you, and love the people with whom fate brings you together, but do so with all your heart.", 
Inspirational Quotes,"Memories of our lives, of our works and our deeds will continue in others.", 
Inspirational Quotes,Your present circumstances don't determine where you can go; they merely determine where you start., 
Inspirational Quotes,"Clouds come floating into my life, no longer to carry rain or usher storm, but to add color to my sunset sky.", 
Inspirational Quotes,"Let us dream of tomorrow where we can truly love from the soul, and know love as the ultimate truth at the heart of all creation.", 
Inspirational Quotes,"When you have a dream, you've got to grab it and never let go.",
Inspirational Quotes,"Just don't give up trying to do what you really want to do. Where there is love and inspiration, I don't think you can go wrong.", 
Inspirational Quotes,"Somewhere, something incredible is waiting to be known.", 
Inspirational Quotes,"The most authentic thing about us is our capacity to create, to overcome, to endure, to transform, to love and to be greater than our suffering.", 
Inspirational Quotes,"Learning how to be still, to really be still and let life happen - that stillness becomes a radiance.", 
Inspirational Quotes,"When you get into a tight place and everything goes against you, till it seems as though you could not hang on a minute longer, never give up then, for that is just the place and time that the tide will turn.", 
Inspirational Quotes,"If we did all the things we are capable of, we would literally astound ourselves.", 
Inspirational Quotes,I've been absolutely terrified every moment of my life - and I've never let it keep me from doing a single thing I wanted to do., 
Inspirational Quotes,"Happiness resides not in possessions, and not in gold, happiness dwells in the soul.",
Inspirational Quotes,"If there were no night, we would not appreciate the day, nor could we see the stars and the vastness of the heavens. We must partake of the bitter with the sweet. There is a divine purpose in the adversities we encounter every day. They prepare, they purge, they purify, and thus they bless.", 
Inspirational Quotes,You must do the things you think you cannot do., 
Inspirational Quotes,The power of imagination makes us infinite., 
Inspirational Quotes,"Let us remember: One book, one pen, one child, and one teacher can change the world.", 
Inspirational Quotes,How wonderful it is that nobody need wait a single moment before starting to improve the world., 
Inspirational Quotes,"I will love the light for it shows me the way, yet I will endure the darkness because it shows me the stars.", 
Inspirational Quotes,"Love is a fruit in season at all times, and within reach of every hand.", 
Inspirational Quotes,"Cherish your visions and your dreams as they are the children of your soul, the blueprints of your ultimate achievements.",
Inspirational Quotes,"Whatever you vividly imagine, ardently desire, sincerely believe, and enthusiastically act upon... must inevitably come to pass!", 
Inspirational Quotes,"I am not afraid of tomorrow, for I have seen yesterday and I love today!", 
Inspirational Quotes,"Throw your dreams into space like a kite, and you do not know what it will bring back, a new life, a new friend, a new love, a new countryModel.",
Motivational Quotes,"Good, better, best. Never let it rest. 'Til your good is better and your better is best.", 
Motivational Quotes,It always seems impossible until it's done., 
Motivational Quotes,Life is 10% what happens to you and 90% how you react to it., 
Motivational Quotes,You simply have to put one foot in front of the other and keep going. Put blinders on and plow right ahead., 
Motivational Quotes,"If you want to succeed you should strike out on new paths, rather than travel the worn paths of accepted success.", 
Motivational Quotes,Perseverance is failing 19 times and succeeding the 20th., 
Motivational Quotes,"The ultimate aim of the ego is not to see something, but to be something.", 
Motivational Quotes,"I know where I'm going and I know the truth, and I don't have to be what you want me to be. I'm free to be what I want.", 
Motivational Quotes,You can't build a reputation on what you are going to do.,
Motivational Quotes,Follow your inner moonlight; don't hide the madness., 
Motivational Quotes,Be gentle to all and stern with yourself., 
Motivational Quotes,Arriving at one goal is the starting point to another., 
Motivational Quotes,"Whatever you want in life, other people are going to want it too. Believe in yourself enough to accept the idea that you have an equal right to it.", 
Motivational Quotes,"Do your work with your whole heart, and you will succeed - there's so little competition.", 
Motivational Quotes,"The more things you do, the more you can do", 
Motivational Quotes,"You can never quit. Winners never quit, and quitters never win.", 
Motivational Quotes,"I've found that luck is quite predictable. If you want more luck, take more chances. Be more active. Show up more often.", 
Motivational Quotes,"If you ask me what I came into this life to do, I will tell you: I came to live out loud.", 
Motivational Quotes,"Learn from the past, set vivid, detailed goals for the future, and live in the only moment of time over which you have any control: now.",
Motivational Quotes,"Even if you fall on your face, you're still moving forward.",
Motivational Quotes,"Follow your dreams, work hard, practice and persevere. Make sure you eat a variety of foods, get plenty of exercise and maintain a healthy lifestyle.",
Motivational Quotes,You must take action now that will move you towards your goals. Develop a sense of urgency in your life.,
Motivational Quotes,"Press forward. Do not stop, do not linger in your journey, but strive for the mark set before you.", 
Motivational Quotes,"If you don't ask, you don't get.",
Motivational Quotes,The people who influence you are the people who believe in you.,
Motivational Quotes,When you fail you learn from the mistakes you made and it motivates you to work even harder.,
Motivational Quotes,Go big or go home. Because it's true. What do you have to lose?, 
Motivational Quotes,"Be thine own palace, or the world's thy jail.",
Motivational Quotes,Big shots are only little shots who keep shooting., 
Motivational Quotes,"The first question which the priest and the Levite asked was: 'If I stop to help this man, what will happen to me?' But... the good Samaritan reversed the question: 'If I do not stop to help this man, what will happen to him?'", 
Motivational Quotes,"Don't fight the problem, decide it.", 
Motivational Quotes,I've worked too hard and too long to let anything stand in the way of my goals. I will not let my teammates down and I will not let myself down., 
Motivational Quotes,Failure happens all the time. It happens every day in practice. What makes you better is how you react to it.,
Motivational Quotes,Motivation will almost always beat mere talent., 
Motivational Quotes,There is nothing deep down inside us except what we have put there ourselves.,
Motivational Quotes,After a storm comes a calm., 
Motivational Quotes,Never retreat. Never explain. Get it done and let them howl., 
Motivational Quotes,God always strives together with those who strive., 
Motivational Quotes,"From my tribe I take nothing, I am the maker of my own fortune.", 
Motivational Quotes,Your heaviest artillery will be your will to live. Keep that big gun going.,
Motivational Quotes,"“Dreams do come true, if we only wish hard enough, You can have anything in life if you will sacrifice everything else for it.”",
Motivational Quotes,Nothing is really work unless you would rather be doing something else. ,
Motivational Quotes,"The moment you doubt whether you can fly, you cease for ever to be able to do it.",
Motivational Quotes,Those who bring sunshine into the lives of others cannot keep it from themselves.,
Inspirational Quotes,Life is a long lesson in humility. ,
Motivational Quotes,Always try to be a little kinder than necessary.,
Motivational Quotes,"Weeds are flowers too, once you get to know them.",
Motivational Quotes,One of the advantages of being disorganized is that one is always having surprising discoveries.,
Motivational Quotes,"You're braver than you believe, and stronger than you seem, and smarter than you think.",
Motivational Quotes,You can't stay in your corner of the Forest waiting for others to come to you. You have to go to them sometimes.,
Motivational Quotes,Rivers know this: there is no hurry. We shall get there some day.,
Inspirational Quotes,Try not to become a man of success but a man of value., 
Inspirational Quotes,In the middle of difficulty lies opportunity., 
Inspirational Quotes,A person who never made a mistake never tried anything new., 
Inspirational Quotes,Only a life lived for others is a life worthwhile., 
Inspirational Quotes,Life is like riding a bicycle. To keep your balance you must keep moving., 
Inspirational Quotes,Imagination is more important than knowledge., 
Inspirational Quotes,Weakness of attitude becomes weakness of character., 
Inspirational Quotes,Great spirits have always encountered violent opposition from mediocre minds., 
Inspirational Quotes,"It’s not that I am so smart, it’s just that I stay with problems longer.", 
Inspirational Quotes,"Insanity is doing the same thing, over and over again, but expecting different results.", 
Inspirational Quotes,Logic will get you from A to B. Imagination will take you everywhere., 
Inspirational Quotes,You have to learn the rules of the game. And then you have to play better than anyone else., 
Inspirational Quotes,We cannot solve our problems with the same thinking we used when we created them., 
Inspirational Quotes,The only source of knowledge is experience., 
Inspirational Quotes,You never fail until you stop trying., 
Inspirational Quotes,"Once we accept our limits, we go beyond them.", 
Inspirational Quotes,A ship is always safe at the shore – but that is NOT what it is built for., 
Inspirational Quotes,"If you want to live a happy life, tie it to a goal, not to people or things.", 
Inspirational Quotes,Only those who attempt the absurd can achieve the impossible., 
Inspirational Quotes,It is better to believe than to disbelieve in so doing you bring everything to the realm of possibility., 
Inspirational Quotes,"If you can’t explain it to a six year old, you don’t understand it yourself.", 
Inspirational Quotes,Two things are infinite: the universe and human stupidity; and I'm not sure about the universe., 
Inspirational Quotes,There are only two ways to live your life. One is as though nothing is a miracle. The other is as though everything is a miracle., 
Inspirational Quotes,I am enough of an artist to draw freely upon my imagination. Imagination is more important than knowledge. Knowledge is limited. Imagination encircles the world., 
Inspirational Quotes,"If you can't explain it to a six year old, you don't understand it yourself.", 
Inspirational Quotes,"If you want your children to be intelligent, read them fairy tales. If you want them to be more intelligent, read them more fairy tales.", 
Inspirational Quotes,Logic will get you from A to Z; imagination will get you everywhere., 
Inspirational Quotes,"Life is like riding a bicycle. To keep your balance, you must keep moving.", 
Inspirational Quotes,Anyone who has never made a mistake has never tried anything new., 
Inspirational Quotes,"I speak to everyone in the same way, whether he is the garbage man or the president of the university.", 
Inspirational Quotes,Never memorize something that you can look up., 
Inspirational Quotes,When you are courting a nice girl an hour seems like a second. When you sit on a red-hot cinder a second seems like an hour. That's relativity., 
Inspirational Quotes,A clever person solves a problem. A wise person avoids it., 
Inspirational Quotes,"Science without religion is lame, religion without science is blind.", 
Inspirational Quotes,Any fool can know. The point is to understand., 
Inspirational Quotes,"Reality is merely an illusion, albeit a very persistent one.", 
Inspirational Quotes,"If we knew what it was we were doing, it would not be called research, would it?", 
Inspirational Quotes,I have no special talents. I am only passionately curious., 
Inspirational Quotes,Try not to become a man of success. Rather become a man of value., 
Inspirational Quotes,The world as we have created it is a process of our thinking. It cannot be changed without changing our thinking., 
Inspirational Quotes,"Once you can accept the universe as matter expanding into nothing that is something, wearing stripes with plaid comes easy.", 
Inspirational Quotes,The most beautiful experience we can have is the mysterious. It is the fundamental emotion that stands at the cradle of true art and true science., 
Inspirational Quotes,"If I were not a physicist, I would probably be a musician. I often think in music. I live my daydreams in music. I see my life in terms of music.", 
Inspirational Quotes,"I know not with what weapons World War III will be fought, but World War IV will be fought with sticks and stones.", 
Inspirational Quotes,You never fail until you stop trying., 
Inspirational Quotes,Great spirits have always encountered violent opposition from mediocre minds., 
Inspirational Quotes,The measure of intelligence is the ability to change., 
Inspirational Quotes,Gravitation is not responsible for people falling in love., 
Inspirational Quotes,It is not that I'm so smart. But I stay with the questions much longer., 
Inspirational Quotes,"Float like a butterfly, sting like a bee. His hands can't hit what his eyes can't see. Now you see me, now you don't. George thinks he will, but I know he won't.", 
Inspirational Quotes,Don't count the days. Make the days count., 
Inspirational Quotes,Impossible is temporary. Impossible is nothing., 
Inspirational Quotes,"If my mind can conceive it, if my heart can believe it--then I can achieve it.", 
Inspirational Quotes,I am the greatest. I said that even before I knew I was., 
Inspirational Quotes,A man who has no imagination has no wings., 
Inspirational Quotes,It isn't the mountains ahead to climb that wear you out; it's the pebble in your shoe., 
Inspirational Quotes,It's not bragging if you can back it up., 
Inspirational Quotes,I should be a postage stamp. That's the only way I'll ever get licked., 
Inspirational Quotes,He who is not courageous enough to take risks will accomplish nothing in life., 
Inspirational Quotes,I shook up the world. Me!, 
Inspirational Quotes,Service to others is the rent you pay for your room here on earth., 
Inspirational Quotes,I'm young I'm handsome; I'm fast. I can't possibly be beat., 
Inspirational Quotes,Don’t count the days make the days count., 
Inspirational Quotes,"If my mind can conceive it, and my heart can believe it—then I can achieve it.  Jesse Jackson said this as early as 1983, according to the Associated Press, and Ali used it in his 2004 book.", 
Inspirational Quotes,It isn’t the mountains ahead to climb that wear you out; it’s the pebble in your shoe., 
Inspirational Quotes,If you even dream of beating me you'd better wake up and apologize., 
Inspirational Quotes,Braggin is when a person says something and can’t do it. I do what I say., 
Inspirational Quotes,"I am the greatest, I said that even before I knew I was.", 
Inspirational Quotes,Only a man who knows what it is like to be defeated can reach down to the bottom of his soul and come up with the extra ounce of power it takes to win when the match is even., 
Inspirational Quotes,"I'm so mean, I make medicine sick.", 
Inspirational Quotes,I should be a postage stamp. That's the only way I'll ever get licked., 
Inspirational Quotes,He who is not courageous enough to take risks will accomplish nothing in life., 
Inspirational Quotes,A man who views the world the same at 50 as he did at 20 has wasted 30 years of his life., 
Inspirational Quotes,"If they can make penicillin out of moldy bread, they can sure make something out of you.", 
Inspirational Quotes,"I hated every minute of training, but I said, Don’t quit. Suffer now and live the rest of your life as a champion.", 
Inspirational Quotes,"At home I am a nice guy: but I don’t want the world to know. Humble people, I’ve found, don’t get very far.", 
Inspirational Quotes,A man who has no imagination has no wings., 
Inspirational Quotes,I am the astronaut of boxing. Joe Louis and Dempsey were just jet pilots. I'm in a world of my own., 
Inspirational Quotes,I’ve wrestled with alligators. I’ve tussled with a whale. I done handcuffed lightning. And throw thunder in jail., 
Inspirational Quotes,Hating people because of their color is wrong. And it doesn't matter which color does the hating. It's just plain wrong., 
Inspirational Quotes,Innovation distinguishes between a leader and a follower., 
Inspirational Quotes,"Your time is limited, so don’t waste it living someone else’s life.", 
Inspirational Quotes,Don’t let the noise of others’ opinions drown out your own inner voice., 
Inspirational Quotes,You can’t connect the dots looking forward; you can only connect them looking backwards. So you have to trust that the dots will somehow connect in your future., 
Inspirational Quotes,Be a yardstick of quality. Some people aren’t used to an environment where excellence is expected., 
Inspirational Quotes,I'm convinced that about half of what separates the successful entrepreneurs from the nonsuccessful ones is pure perseverance., 
Inspirational Quotes,"You can't just ask customers what they want and then try to give that to them. By the time you get it built, they'll want something new.", 
Inspirational Quotes,People think focus means saying yes to the thing you've got to focus on. It means saying no to the hundred other good ideas that there are. You have to pick carefully., 
Inspirational Quotes,We’re here to put a dent in the universe. Otherwise why else even be here?, 
Inspirational Quotes,My job is not to be easy on people. My job is to make them better., 
Inspirational Quotes,Have the courage to follow your heart and intuition. They somehow know what you truly want to become., 
Inspirational Quotes,Let's go invent tomorrow rather than worrying about what happened yesterday., 
Inspirational Quotes,"If today were the last day of your life, would you want to do what you are about to do today?", 
Inspirational Quotes,Life is about creating and living experiences that are worth sharing., 
Inspirational Quotes,Be a yardstick of quality. Some people aren't used to an environment where excellence is expected., 
Inspirational Quotes,"Sometimes when you innovate, you make mistakes. It is best to admit them quickly, and get on with improving your other innovations.", 
Inspirational Quotes,"You can't just ask customers what they want and then try to give that to them. By the time you get it built, they'll want something new.", 
Inspirational Quotes,Design is not just what it looks like and feels like. Design is how it works., 
Inspirational Quotes,"You know, my main reaction to this money thing is that it's humorous, all the attention to it, because it's hardly the most insightful or valuable thing that's happened to me.", 
Inspirational Quotes,"Creativity is just connecting things. When you ask creative people how they did something, they feel a little guilty because they didn't really do it. They just saw something. It seemed obvious to them after a while.", 
Inspirational Quotes,"One child, one teacher, one pen, and one book can change the world.", 
Inspirational Quotes,"Some people only ask others to do something. I believe that, why should I wait for someone else? Why don’t I take a step and move forward?", 
Inspirational Quotes,"I truly believe the only way we can create global peace is through not only educating our minds, but our hearts and our souls.", 
Inspirational Quotes,"Let us make our future now, and let us make our dreams tomorrow’s reality.", 
Inspirational Quotes,"So let us wage a global struggle against illiteracy, poverty, and terrorism, and let us pick up our books and pens. They are our most powerful weapons.", 
Inspirational Quotes,"If we want to achieve our goal, then let us empower ourselves with the weapon of knowledge and let us shield ourselves with unity and togetherness.", 
Inspirational Quotes,"If people were silent, nothing would change.", 
Inspirational Quotes,"When the whole world is silent, even one voice becomes powerful.", 
Inspirational Quotes,We want schools and education for every child’s bright future. We will continue our journey to our destination of peace and education for everyone., 
Inspirational Quotes,"Education is education. We should learn everything and then choose which path to follow.  Education is neither Eastern nor Western, it is human.", 
Inspirational Quotes,I raise up my voice-not so I can shout but so that those without a voice can be heard...we cannot succeed when half of us are held back., 
Inspirational Quotes,"If one man can destroy everything, why can't one girl change it?", 
Inspirational Quotes,"Let us pick up our books and our pens, they are the most powerful weapons.", 
Inspirational Quotes,"The extremists are afraid of books and pens, the power of education frightens them. they are afraid of women.", 
Inspirational Quotes,"With guns you can kill terrorists, with education you can kill terrorism.", 
Inspirational Quotes,"Once I had asked God for one or two extra inches in height, but instead he made me as tall as the sky, so high that I could not measure myself.", 
Inspirational Quotes,"My mother always told me,"" hide your face people are looking at you."" I would reply,"" it does not matter; I am also looking at them.", 
Inspirational Quotes,"Let us pick up our books and our pens,” I said. “They are our most powerful weapons. One child, one teacher, one book and one pen can change the world.", 
Inspirational Quotes,"I told myself, Malala, you have already faced death. This is your second life. Don't be afraid — if you are afraid, you can't move forward.", 
Inspirational Quotes,"I don't want revenge on the Taliban, I want education for sons and daughters of the Taliban.", 
Inspirational Quotes,Life isn't just about taking in oxygen and giving out carbon dioxide., 
Inspirational Quotes,"Our men think earning money and ordering around others is where power lies. They don't think power is in the hands of the woman who takes care of everyone all day long, and gives birth to their children.", 
Inspirational Quotes,"I don't want to be thought of as the ""girl who was shot by the Taliban"" but the ""girl who fought for education. This is the cause to which I want to devote my life.", 
Inspirational Quotes,He believed that lack of education was the root of all of Pakistan’s problems. Ignorance allowed politicians to fool people and bad administrators to be re-elected., 
Inspirational Quotes,"The Taliban could take our pens and books, but they couldn’t stop our minds from thinking.", 
Inspirational Quotes,"There are two powers in the world; one is the sword and the other is the pen. There is a third power stronger than both, that of women.", 
Inspirational Quotes,"We were scared, but our fear was not as strong as our courage.", 
Inspirational Quotes,"I raise my voice not so that i can shout, but so that those without a voice can be heard", 
Inspirational Quotes,When someone takes away your pens you realize quite how important education is., 
Inspirational Quotes,Read thousands of books and I will power myself with knowledge. Pens and books are the weapons that defeat terrorism., 
Inspirational Quotes,Hope is the thing with feathers that perches in the soul – and sings the tunes without the words – and never stops at all., 
Inspirational Quotes,I dwell in possibility., 
Inspirational Quotes,"Unable are the loved to die, for love is immortality.", 
Inspirational Quotes,That it will never come again is what makes life sweet., 
Inspirational Quotes,They might not need me; but they might. I’ll let my head be just in sight; a smile as small as mine might be precisely their necessity., 
Inspirational Quotes,To love is so startling it leaves little time for anything else., 
Inspirational Quotes,"If I can stop one heart from breaking, I shall not live in vain.", 
Inspirational Quotes,"The soul should always stand ajar, ready to welcome the ecstatic experience.", 
Inspirational Quotes,"To make a prairie it takes a clover and one bee, One clover, and a bee, And reverie. The reverie alone will do, If bees are few.", 
Inspirational Quotes,Not knowing when the dawn will come I open every door., 
Inspirational Quotes,A wounded deer leaps the highest., 
Inspirational Quotes,My friends are my estate., 
Inspirational Quotes,"Finite to fail, but infinite to venture.", 
Inspirational Quotes,The brain is wider than the sky., 
Inspirational Quotes,Life is a succession of lessons which must be lived to be understood., 
Inspirational Quotes,Optimism is the faith that leads to achievement. Nothing can be done without hope and confidence., 
Inspirational Quotes,We can do anything we want to if we stick to it long enough., 
Inspirational Quotes,Walking with a friend in the dark is better than walking alone in the light., 
Inspirational Quotes,"I am only one, but still I am one. I cannot do everything, but still I can do something; And because I cannot do everything I will not refuse to do the something that I can do.", 
Inspirational Quotes,"Your success and happiness lies in you. Resolve to keep happy, and your joy and you shall form an invincible host against difficulties.",
Inspirational Quotes,No one has a right to consume happiness without producing it.,
Inspirational Quotes,The best and most beautiful things in the world cannot be seen or even touched – they must be felt with the heart.,
Inspirational Quotes,"Character cannot be developed in ease and quiet. Only through experience of trial and suffering can the soul be strengthened, ambition inspired, and success achieved.",
Inspirational Quotes,Never bend your head. Always hold it high. Look the world straight in the eye.,
Inspirational Quotes,All the world is full of suffering. It is also full of overcoming.,
Inspirational Quotes,"When one door closes, another opens. But we often look so regretfully upon the closed door that we don’t see the one that has opened for us.",
Inspirational Quotes,"Although the world is full of suffering, it is also full of the overcoming of it.",
Inspirational Quotes,The only thing worse than being blind is having sight but no vision.,
Inspirational Quotes,"Self-pity is our worst enemy and if we yield to it, we can never do anything wise in this world.",
Inspirational Quotes,"Instead of comparing our lot with that of those who are more fortunate than we are, we should compare it with the lot of the great majority of our fellow men. It then appears that we are among the privileged.",
Inspirational Quotes,Toleration is the greatest gift of the mind; it requires the same effort of the brain that it takes to balance oneself on a bicycle.,
Inspirational Quotes,"No pessimist ever discovered the secret of the stars, or sailed to an uncharted land, or opened a new doorway for the human spirit.",
Inspirational Quotes,"We could never learn to be brave and patient, if there were only joy in the world.",
Inspirational Quotes,"While they were saying among themselves it cannot be done, it was done.",
Inspirational Quotes,The best preparation for tomorrow is doing your best today.,
Inspirational Quotes,The best preparation for tomorrow is doing your best today.,
Inspirational Quotes,Remember that the most valuable antiques are dear old friends.,
Inspirational Quotes,"Never forget the three powerful resources you always have available to you: love, prayer, and forgiveness.",
Inspirational Quotes,Nothing is more expensive than a missed opportunity.,
Inspirational Quotes,"Live so that when your children think of fairness, caring, and integrity, they think of you.",
Inspirational Quotes,Love is when the other person's happiness is more important than your own.,
Inspirational Quotes,"Life doesn't require that we be the best, only that we try our best.",
Inspirational Quotes,"Remember that the happiest people are not those getting more, but those giving more.",
Inspirational Quotes,Never give up on what you really want to do. The person with big dreams is more powerful than the one with all the facts.,
Inspirational Quotes,"Earn your success based on service to others, not at the expense of others.",
Inspirational Quotes,You must take action now that will move you towards your goals. Develop a sense of urgency in your life.,
Inspirational Quotes,Opportunity dances with those already on the dance floor.,
Inspirational Quotes,Sometimes the heart sees what is invisible to the eye.,
Inspirational Quotes,"Don't work for recognition, but do work worthy of recognition.",
Inspirational Quotes,Our character is what we do when we think no one is looking.,
Inspirational Quotes,"Resist much, obey little.",    
Inspirational Quotes,"Do I contradict myself? Very well then I contradict myself, (I am large, I contain multitudes.)",    
Inspirational Quotes,I have learned that to be with those I like is enough, 
Inspirational Quotes,Keep your face always toward the sunshine - and shadows will fall behind you., 
Inspirational Quotes,"Not I, nor anyone else can travel that road for you. You must travel it by yourself. It is not far. It is within reach.", 
Inspirational Quotes,"Be curious, not judgmental.", 
Inspirational Quotes,"I am large, I contain multitudes.", 
Inspirational Quotes,"Do anything, but let it produce joy.", 
Inspirational Quotes,"Henceforth I ask not good-fortune, I myself am good-fortune", 
Inspirational Quotes,Peace is always beautiful., 
Inspirational Quotes,"While you are proclaiming peace with your lips, be careful to have it even more fully in your heart.", 
Inspirational Quotes,"Remember that when you leave this earth, you can take with you nothing that you have received - only what you have given: a full heart, enriched by honest service, love, sacrifice and courage.", 
Inspirational Quotes,Do all you can to preach the gospel and if necessary use words!, 
Inspirational Quotes,"God requires that we assist the animals, when they need our help. Each being (human or creature) has the same right of protection.", 
Inspirational Quotes,The deeds you do may be the only sermon some persons will hear today., 
Inspirational Quotes,All the darkness in the world cannot extinguish the light of a single candle., 
Inspirational Quotes,What is it that stands higher than words? Action. What is it that stands higher than action? Silence., 
Inspirational Quotes,"All things of creation are children of the Father and thus brothers of man. ... God wants us to help animals, if they need help. Every creature in distress has the same right to be protected.", 
Inspirational Quotes,"If you have men who will exclude any of God's creatures from the shelter of compassion and pity, you will have men who will deal likewise with their fellow men.", 
Inspirational Quotes,"Do few things but do them well, simple joys are holy.", 
Inspirational Quotes,He who works with his hands and his head and his heart is an artist, 
Inspirational Quotes,Spiritual joy arises from purity of the heart and perseverance in prayer.,
Inspirational Quotes,We should seek not so much to pray but to become prayer., 
Inspirational Quotes,"Be patient in trials, watchful in prayer, and never cease working.", 
Inspirational Quotes,"I have been all things unholy. If God can work through me, he can work through anyone.", 
Inspirational Quotes,"You gotta try your luck at least once a day, because you could be going around lucky all day and not even know it.", 
Inspirational Quotes,"I can't change the direction of the wind, but I can adjust my sails to always reach my destination.", 
Inspirational Quotes,Poverty was the greatest motivating factor in my life.,
Inspirational Quotes,"Love is an ice cream sundae, with all the marvelous coverings. Sex is the cherry on top.", 
Inspirational Quotes,I've seen a jillion miracles. They're all around. Every green leaf is a miracle., 
Inspirational Quotes,"A lot of things I am, and a lot of things I am not. But I think I'm about as good an American as there is. I love this countryModel. It's been very, very good to me. And it will be good to anybody if they are willing to give of themselves.",
Inspirational Quotes,"I won't go hunting with you, Jake, but I'll go chasing women.", 
Inspirational Quotes,"I used to help my granddaddy make sausage. He would mix it up in a cleaned-out washtub with his hands, no gloves. Man, if we did anything like that today, they would jack the jail up and throw us under it.", 
Inspirational Quotes,I've seen so many people in this business that made a fortune. They get old and broke and can't make any money. I tell you something... no one's going to play a benefit for Jimmy Dean.,
Inspirational Quotes,"Somebody said he came from New Orleans, where he got in a fight over a Cajun queen. And a crushing blow from a huge right hand, sent a Louisiana fella to the Promised Land.", 
Inspirational Quotes,"If you are neutral in situations of injustice, you have chosen the side of the oppressor. If an elephant has its foot on the tail of a mouse, and you say that you are neutral, the mouse will not appreciate your neutrality.", 
Inspirational Quotes,"Don't raise your voice, improve your argument.", 
Inspirational Quotes,Forgiving is not forgetting; its actually remembering--remembering and not using your right to hit back. Its a second chance for a new beginning. And the remembering part is particularly important. Especially if you dont want to repeat what happened., 
Inspirational Quotes,"My father always used to say, ""Don't raise your voice. Improve your argument."" Good sense does not always lie with the loudest shouters, nor can we say that a large, unruly crowd is always the best arbiter of what is right.", 
Inspirational Quotes,We may be surprised at the people we find in heaven. God has a soft spot for sinners. His standards are quite low., 
Inspirational Quotes,"Differences are not intended to separate, to alienate. We are different precisely in order to realize our need of one another.", 
Inspirational Quotes,"When the missionaries came to Africa they had the Bible and we had the land. They said ""Let us pray."" We closed our eyes. When we opened them we had the Bible and they had the land.", 
Inspirational Quotes,We learn from history that we don't learn from history!, 
Inspirational Quotes,"When we see others as the enemy, we risk becoming what we hate. When we oppress others, we end up oppressing ourselves. All of our humanity is dependent upon recognizing the humanity in others.", 
Inspirational Quotes,"If you are neutral in situations of injustice, you have chosen the side of the oppressor.", 
Inspirational Quotes,"In the end what matters is not how good we are but how good God is. Not how much we love Him but how much He loves us. And God loves us whoever we are, whatever we’ve done or failed to do, whatever we believe or can’t.", 
Inspirational Quotes,Like when you sit in front of a fire in winter — you are just there in front of the fire. You don't have to be smart or anything. The fire warms you., 
Inspirational Quotes,Language is very powerful. Language does not just describe reality. Language creates the reality it describes., 
Inspirational Quotes,"Religion is like a knife: you can either use it to cut bread, or stick in someone's back.", 
Inspirational Quotes,"We are made for loving. If we don’t love, we will be like plants without water.",  
Inspirational Quotes,It is through weakness and vulnerability that most of us learn empathy and compassion and discover our soul., 
Inspirational Quotes,"You don't choose your family. They are God's gift to you, as you are to them.", 
Inspirational Quotes,"Dear Child of God, I am sorry to say that suffering is not optional.", 
Inspirational Quotes,A person is a person through other persons; you can't be human in isolation; you are human only in relationships., 
Inspirational Quotes,"We must be ready to learn from one another, not claiming that we alone possess all truth and that somehow we have a corner on God.", 
Inspirational Quotes,There is nothing more difficult than waking someone who is only pretending to be asleep., 
Inspirational Quotes,"For beautiful eyes, look for the good in others; for beautiful lips, speak only words of kindness; and for poise, walk with the knowledge that you are never alone.", 
Inspirational Quotes,"Remember, if you ever need a helping hand, it’s at the end of your arm. As you get older, remember you have another hand: The first is to help yourself, the second is to help others.", 
Inspirational Quotes,"People, even more than things, have to be restored, renewed, revived, reclaimed and redeemed; never throw out anyone.",
Inspirational Quotes,The best thing to hold onto in life is each other.,
Inspirational Quotes,Nothing is impossible; the word itself says ‘I’m possible!’,
Inspirational Quotes,The most important thing is to enjoy your life. To be happy. It’s all that matters.,
Inspirational Quotes,There is more to sex appeal than just measurements.,
Inspirational Quotes,I believe in being strong when everything seems to be going wrong.,
Inspirational Quotes,There are certain shades of limelight that can wreck a girl’s complexion.,
Inspirational Quotes,Paris is always a good idea.,
Inspirational Quotes,"They say love is the best investment; the more you give, the more you get in return.",
Inspirational Quotes,I believe that happy girls are the prettiest girls.,
Inspirational Quotes,"I don't pity any man who does hard work worth doing. I admire him. I pity the creature who does not work, at whichever end of the social scale he may regard himself as being.", 
Inspirational Quotes,"Nothing in this world is worth having or worth doing unless it means effort, pain, difficulty.", 
Inspirational Quotes,"To sit home, read one's favorite paper, and scoff at the misdeeds of the men who do things is easy, but it is markedly ineffective. It is what evil men count upon the good men's doing.", 
Inspirational Quotes,"Unless a man is master of his soul, all other kinds of mastery amount to little.", 
Inspirational Quotes,It is a bad thing for a nation to raise and to admire a false standard of success; and there can be no falser standard than that set by the deification of material well-being in and for itself., 
Inspirational Quotes,The unforgivable crime is soft hitting. Do not hit at all if it can be avoided; but never hit softly., 
Inspirational Quotes,"It is not the critic who counts. ... The credit belongs to the man who is actually in the arena; whose face is marred by the dust and sweat and blood; who strives valiantly ... who, at worst, if he fails, at least fails while daring greatly; so that his place shall never be with those cold and timid souls who know neither victory or defeat.", 
Inspirational Quotes,People don't care how much you know until they know how much you care, 
Inspirational Quotes,The only man who never makes mistakes is the man who never does anything., 
Inspirational Quotes,To educate a person in the mind but not in morals is to educate a menace to society., 
Inspirational Quotes,Your duty is to treat everybody with love as a manifestation of the Lord., 
Motivational Quotes,"Moral values, and a culture and a religion, maintaining these values are far better than laws and regulations.",
Motivational Quotes,"The harder the struggle, the more glorious the triumph. Self-realization demands very great struggle.",
Motivational Quotes,"Do not brood over your past mistakes and failures as this will only fill your mind with grief, regret and depression. Do not repeat them in the future.",
Motivational Quotes,There is something good in all seeming failures. You are not to see that now. Time will reveal it. Be patient.,
Motivational Quotes,"Crave for a thing, you will get it. Renounce the craving, the object will follow you by itself.",
Motivational Quotes,Thinking of disease constantly will intensify it. Feel always 'I am healthily in body and mind'.,
Motivational Quotes,"Life is a pilgrimage. The wise man does not rest by the roadside inns. He marches direct to the illimitable domain of eternal bliss, his ultimate destination.",
Motivational Quotes,Always do good to others. Be selfless. Mentally remove everything and be free. This is divine life. This is the direct way to Moksha or salvation.,
Motivational Quotes,"Meditation is the dissolution of thoughts in Eternal awareness or Pure consciousness without objectification, knowing without thinking, merging finitude in infinity.",
Motivational Quotes,Humility is not cowardice. Meekness is not weakness. Humility and meekness are indeed spiritual powers.,
Motivational Quotes,"It’s not whether you get knocked down, it’s whether you get up.",
Motivational Quotes,Winners never quit and quitters never win,
Motivational Quotes,The measure of who we are is what we do with what we have.,
Motivational Quotes,Confidence is contagious. So is lack of confidence.,
Motivational Quotes,Winning is not a sometime thing; it’s an all the time thing. You don’t win once in a while… you don’t do things right once in a while… you do them right all the time. Winning is a habit. Unfortunately so is losing.,
Motivational Quotes,"The harder you work, the harder it is to surrender.",
Motivational Quotes,The only place success comes before work is in the dictionary.,
Motivational Quotes,"If it doesn’t matter who wins or loses, then why do they keep score?",
Motivational Quotes,"Individual commitment to a group effort – that is what makes a team work, a company work, a society work, a civilization work.",
Motivational Quotes,Practice doesn’t make perfect. Perfect practice makes perfect.,
Motivational Quotes,"The greatest accomplishment is not in never falling, but in rising again after you fall.",
Motivational Quotes,"Winning isn’t everything, it’s the only thing.",
Motivational Quotes,We would accomplish many more things if we did not think of them as impossible.,
Motivational Quotes,We didn’t lose the game; we just ran out of time.,
Motivational Quotes,"If I have ever made any valuable discoveries, it has been due more to patient attention, than to any other talent.",
Motivational Quotes,"If others would think as hard as I did, then they would get similar results.",
Motivational Quotes,Nature is pleased with simplicity. And nature is no dummy.,
Motivational Quotes,"The seed of a tree has the nature of a branch or twig or bud. It is a part of the tree, but if separated and set in the earth to be better nourished, the embryo or young tree contained in it takes root and grows into a new tree.",
Motivational Quotes,All my discoveries have been made in answer to prayer.,
Motivational Quotes,The best way to understanding is a few good examples.,
Motivational Quotes,I consider my greatest accomplishment to be lifelong celibacy.,
Motivational Quotes,Live your life as an exclamation rather than an explanation.,
Motivational Quotes,"You have to make the rules, not follow them.",
Motivational Quotes,"What we know is a drop, what we don’t know is an ocean.",
Motivational Quotes,No great discovery was ever made without a bold guess.,
Motivational Quotes,My powers are ordinary. Only my application brings me success.,
Motivational Quotes,Gravity explains the motions of the planets but it cannot explain who sets the planets in motion.,
Motivational Quotes,We build too many walls and not enough bridges.,
Motivational Quotes,Tact is the art of making a point without making an enemy.,
Motivational Quotes,"In the absence of any other proof, the thumb alone would convince me of God’s existence.",
Motivational Quotes,"Plato is my friend, Aristotle is my friend, but my greatest friend is the truth.",
Motivational Quotes,Don’t doubt the Creator because it is inconceivable that accidents alone could be the controller of this universe.,
Motivational Quotes,"It is the weight, not numbers of experiments that are to be regarded.",
Motivational Quotes,"Truth is ever to be found in simplicity, and not in the multiplicity and confusion of things.",
Motivational Quotes,"It's lack of faith that makes people afraid of meeting challenges, and I believed in myself",
Motivational Quotes,He who is not courageous enough to take risks will accomplish nothing in life.,
Motivational Quotes,"I hated every minute of training, but I said, 'Don't quit. Suffer now and live the rest of your life as a champion.",
Motivational Quotes,What keeps me going is goals.,
Motivational Quotes,Only a man who knows what it is like to be defeated can reach down to the bottom of his soul and come up with the extra ounce of power it takes to win when the match is even.,
Motivational Quotes,A man who views the world the same at fifty as he did at twenty has wasted thirty years of his life.,
Motivational Quotes,Age is whatever you think it is. You are as old as you think you are.,
Motivational Quotes,"I am an ordinary man who worked hard to develop the talent I was given. I believed in myself, and I believe in the goodness of others.",
Motivational Quotes,I wanted to use my fame and this face that everyone knows so well to help uplift and inspire people around the world.,
Motivational Quotes,"Friendship is not something you learn in school. But if you haven't learned the meaning of friendship, you really haven't learned anything.",
Motivational Quotes,It isn't the mountains ahead to climb that wear you out; it's the pebble in your shoe,
Motivational Quotes,Service to others is the rent you pay for your room here on earth.,
Motivational Quotes,"I done wrestled with an alligator, I done tussled with a whale; handcuffed lightning, thrown thunder in jail; only last week, I murdered a rock, injured a stone, hospitalised a brick; I'm so mean I make medicine sick.",
Motivational Quotes,My principles are more important than the money or my title.,
Motivational Quotes,"It's the repetition of affirmations that leads to belief. And once that belief becomes a deep conviction, things begin to happen.",
Motivational Quotes,"I am the greatest, I said that even before I knew I was.",
Motivational Quotes,My only fault is that I don't realise how great I really am.,
Motivational Quotes,There are no pleasures in a fight but some of my fights have been a pleasure to win.,
Motivational Quotes,I wish people would love everybody else the way they love me. It would be a better world.,
Motivational Quotes,Hating people because of their colour is wrong. And it doesn't matter which colour does the hating. It's just plain wrong.,
Motivational Quotes,I'm the greatest thing that ever lived! I'm the king of the world! I'm a bad man. I'm the prettiest thing that ever lived.,
Motivational Quotes,"I'm not the greatest; I'm the double greatest. Not only do I knock 'em out, I pick the round.",
Motivational Quotes,It's not bragging if you can back it up.,
Motivational Quotes,"Whether you think you can, or you think you can’t you’re right.",
Motivational Quotes,"Anyone who stops learning is old, whether at twenty or eighty. Anyone who keeps learning stays young.",
Motivational Quotes,Failure is only the opportunity more intelligently to begin again.,
Motivational Quotes,You can’t build a reputation on what you are going to do.,
Motivational Quotes,"Don’t find fault, find a remedy; anybody can complain.",
Motivational Quotes,The only real mistake is the one from which we learn nothing.,
Motivational Quotes,Obstacles are those frightful things you see when you take your eyes off your goals.,
Motivational Quotes,Vision without execution is just hallucination.,
Motivational Quotes,"Thinking is the hardest work there is, which is probably the reason so few engage in it.",
Motivational Quotes,Any customer can have a car painted any color that he wants so long as it is black.,
Motivational Quotes,"When everything seems to be going against you, remember that the airplane takes off against the wind, not with it.",
Motivational Quotes,It has been my observation that most people get ahead during the time that others waste.,
Motivational Quotes,Quality means doing it right when no one is looking.,
Motivational Quotes,Nothing is particularly hard if you divide it into small jobs.,
Motivational Quotes,Coming together is the beginning. Keeping together is progress. Working together is success.,
Motivational Quotes,"One of the greatest discoveries a person makes, one of their great surprises, is to find they can do what they were afraid they couldn’t do.",
Motivational Quotes,Most people spend more time and energy going around problems than in trying to solve them.,
Motivational Quotes,"If you always do what you’ve always done, you’ll always get what you’ve always got.",
Motivational Quotes,"You say I started out with practically nothing, but that isn’t correct. We all start with all there is, it’s how we use it that makes things possible.",
Motivational Quotes,"The whole secret of a successful life is to find out what is one’s destiny to do, and then do it.",
Motivational Quotes,There is no man living who isn’t capable of doing more than he thinks he can do.,
Motivational Quotes,"If there is any one secret of success, it lies in the ability to get the other person’s point of view and see things from that person’s angle as well as from your own.",
Motivational Quotes,You can’t learn in school what the world is going to do next year.,
Motivational Quotes,Real leaders must be ready to sacrifice all for the freedom of their people.,
Motivational Quotes,A fundamental concern for others in our individual and community lives would go a long way in making the world the better place we so passionately dreamt of.,
Motivational Quotes,Resentment is like drinking poison and then hoping it will kill your enemies.,
Motivational Quotes,"I learned that courage was not the absence of fear, but the triumph over it. The brave man is not he who does not feel afraid, but he who conquers that fear.",
Motivational Quotes,Education is the most powerful weapon which you can use to change the world.,
Motivational Quotes,Everyone can rise above their circumstances and achieve success if they are dedicated to and passionate about what they do.,
Motivational Quotes,I like friends who have independent minds because they tend to make you see problems from all angles.,
Motivational Quotes,It always seems impossible until it's done.,
Motivational Quotes,Many people in this countryModel have paid the price before me and many will pay the price after me.,
Motivational Quotes,"Do not judge me by my successes, judge me by how many times I fell down and got back up again.",
Motivational Quotes,"Money won't create success, the freedom to make it will.",
Motivational Quotes,It is in the character of growth that we should learn from both pleasant and unpleasant experiences.,
Motivational Quotes,"For to be free is not merely to cast off one's chains, but to live in a way that respects and enhances the freedom of others.",
Motivational Quotes,"May your choices reflect your hopes, not your fears.",
Motivational Quotes,It always seems impossible until it's done.,
Motivational Quotes,"Sometimes, it falls upon a generation to be great. You can be that great generation. Let your greatness blossom.",
Motivational Quotes,Everyone can rise above their circumstances and achieve success if they are dedicated to and passionate about what they do.,
Motivational Quotes,Our deepest fear is not that we are inadequate. Our deepest fear is that we are powerful beyond measure.,
Motivational Quotes,There can be no greater gift than that of giving one's time and energy to helping others without expecting anything in return.,
Motivational Quotes,A good head and a good heart are always a formidable combination.,
Motivational Quotes,After climbing a great hill. One only finds that there are many more hills to climb.,
Motivational Quotes,A winner is a dreamer who never gives up.,
Motivational Quotes,Education is the most powerful weapon which you can use to change the world.,
Motivational Quotes,"Do not judge me by my successes, judge me by how many times I fell down and got back up again.",
Motivational Quotes,"The brave man is not he who does not feel afraid, but he who conquers that fear.",
Motivational Quotes,"For to be free is not merely to cast off one's chains, but to live in a way that respects and enhances the freedom of others.",
Motivational Quotes,I am the master of my fate: I am the captain of my soul.,
Motivational Quotes,Anything under God's control is never out of control.,
Motivational Quotes,We are all faced with a series of great opportunities brilliantly disguised as impossible situations.,
Motivational Quotes,We must cease striving and trust God to provide what He thinks is best and in whatever time He chooses to make it available. But this kind of trusting doesn't come naturally. It's a spiritual crisis of the will in which we must choose to exercise faith.,
Motivational Quotes,Each day of our lives we make deposits in the memory banks of our children.,
Motivational Quotes,Real integrity stays in place whether the test in adversity or prosperity.,
Motivational Quotes,"When the Lord makes it clear you're to follow Him in this new direction, focus fully on Him and refuse to be distracted by comparisons with others.",
Motivational Quotes,"The devil, darkness, and death may swagger and boast, the pangs of life will sting for a while longer, but don't worry; the forces of evil are breathing their last. Not to worry He's risen",
Motivational Quotes,"We cannot change our past. We can not change the fact that people act in a certain way. We can not change the inevitable. The only thing we can do is play on the one string we have, and that is our attitude.",
Motivational Quotes,Joy is a deeply felt contentment that transcends difficult circumstances and derives maximum enjoyment from every good experience.,
Motivational Quotes,"If you allow it, [suffering] can be the means by which God brings you His greatest blessings.",
Motivational Quotes,"[God] is able to take your life, with all of the heartache, all of the pain, all of the regret, all of the missed opportunities, and use you for His glory.",
Motivational Quotes,"Deep, contended joy comes from a place of complete security and confidence [in God] - even in the midst of trial.",
Motivational Quotes,The lens of fear magnifies the size of uncertainty.,
Motivational Quotes,"God doesn't work on our timetable. He has a plan that He will execute perfectly and for the highest, greatest good of all, and for His ultimate glory.",
Motivational Quotes,"I cannot even imagine where I would be today were it not for that handful of friends who have given me a heart full of joy. Let's face it, friends make life a lot more fun.",
Motivational Quotes,Learning more truth is a poor and cheap substitute for stopping and putting into action the truth already learned,
Motivational Quotes,"Vision is the ability to see God’s presence, to perceive God’s power, to focus on God’s plan in spite of the obstacles.",
Motivational Quotes,"It is the nature of the self to manifest itself, In every atom slumbers the might of the self.",
Motivational Quotes,People who have no hold over their process of thinking ara likely to be ruined by liberty of thought.,
Motivational Quotes,Failure is not fatal until we surrender trying again is the key of glorious victory,
Motivational Quotes,Islam is itself destiny and will not suffer destiny.,
Motivational Quotes,"It is the mysterious touch of the ideal that animates and sustains the real, and through it alone we can discover and affirm the ideal.",
Motivational Quotes,"People who have no hold over their process of thinking are likely to be ruined by liberty of thought. If thought is immature, liberty of thought becomes a method of converting men into animals.",
Motivational Quotes,"The possibility of a scientific treatment of history means a wider experience, a greater maturity of practical reason, and finally a fuller realization of certain basic ideas regarding the nature of life and time.",
Motivational Quotes,"Though the terror of the sea gives to none security, in the secret of the shell. Self preserving we may dwell.",
Motivational Quotes,"The new world is as yet behind the veil of destiny In my eyes, however its dawn has been unveiled",
Motivational Quotes,"Words, without power, is mere philosophy.",
Motivational Quotes,"When truth has no burning, then it is philosophy, when it gets burning from the heart, it becomes poetry.",
Motivational Quotes,The alchemist of the West has turned stone into glass But my alchemy has transmuted glass into flint Pharaohs of today have stalked me in vain,
Motivational Quotes,"Rise above sectional interests and private ambitions... Pass from matter to spirit. Matter is diversity; spirit is light, life and unity.",
Motivational Quotes,"Nations are born in the hearts of poets, they prosper and die in the hands of politicians.",
Motivational Quotes,"A wrong concept misleads the understanding; a wrong deed degrades the whole man, and may eventually demolish the structure of the human ego.",
Motivational Quotes,"I lead no party; I follow no leader. I have given the best part of my life to careful study of Islam, its law and polity, its culture, its history and its literature.",
Motivational Quotes,Man is primarily governed by passion and instinct.,
Motivational Quotes,"Destiny is the prison and chain of the ignorant. Understand that destiny like the water of the Nile: Water before the faithful, blood before the unbeliever.",
Motivational Quotes,It is true that we are made of dust. And the world is also made of dust. But the dust has motes rising.,
Motivational Quotes,Vision without power does bring moral elevation but cannot give a lasting culture.,
Motivational Quotes,"Since love first made the breast an instrument Of fierce lamenting, by its flame my heart Was molten to a mirror, like a rose I pluck my breast apart, that I may hang This mirror in your sight.",
Motivational Quotes,Plants and minerals are bound to predestination. The faithful is only bound to the Divine orders.,
Motivational Quotes,Be not entangled in this world of days and nights; Thou hast another time and space as well.,
Motivational Quotes,Sexual self-restraint is only a preliminary stage in the ego's evolution.,
Motivational Quotes,"The wing of the Falcon brings to the king, the wing if the crow brings him to the cemetery.",
Motivational Quotes,Divine life is in touch with the whole universe on the analogy of the soul's contact with the body.,
Motivational Quotes,The ultimate purpose of religious life is to make this evolution move in a direction far more important to the destiny of the ego than the moral health of the social fabric which forms his present environment.,
Motivational Quotes,The thought of a limit to perceptual space and time staggers the mind.,
Motivational Quotes,"I am a hidden meaning made to defy. The grasp of words, and walk away With free will and destiny. As living, revolutionary clay.",
Motivational Quotes,"If faith is lost, there is no security and there is no life for him who does not adhere to religion.",
Motivational Quotes,"But the universe, as a collection of finite things, presents itself as a kind of island situated in a pure vacuity to which time, regarded as a series of mutually exclusive moments, is nothing and does nothing.",
Motivational Quotes,From love's plectrum arises the song of the string of life Love is the light of life love is the fire of life,
Motivational Quotes,I have never considered myself a poet. I have no interest in poetic artistry.,
Motivational Quotes,"The Ego is partly free. partly determined, and reaches fuller freedom by approaching the Individual who is most free: God.",
Motivational Quotes,"Another way of judging the value of a prophet's religious experience, therefore, would be to examine the type of manhood that he has created, and the cultural world that has sprung out of the spirit of his message.",
Motivational Quotes,"Ends and purposes, whether they exist as conscious or subconscious tendencies, form the wrap and woof of our conscious experience.",
Motivational Quotes,Ki Muhammad se wafa toonay to ham teray hain Ye jahan cheez hai kiya lauho qalam tere hain,
Motivational Quotes,"Thou art not for the earth, nor for the Heaven the world is for thee, thou art not for the world.",
Motivational Quotes,"I have seen the movement of the sinews of the sky, And the blood coursing in the veins of the moon.",
Motivational Quotes,The standpoint of the man who relies on religious experience for capturing Reality must always remain individual and incommunicable.,
Motivational Quotes,The soul is neither inside nor outside the body; neither proximate to nor separate from it.,
Motivational Quotes,But inner experience is only one source of human knowledge.,
Motivational Quotes,My ancestors were Brahmins. They spent their lives in search of god. I am spending my life in search of man.,
Motivational Quotes,Why should I ask the wise men: Whence is my beginning? I am busy with the thought: Where will be my end?,
Motivational Quotes,Become dust - and they will throw thee in the air; Become stone - and they will throw thee on glass.,
Motivational Quotes,"Reh Gyi Rasm-e-Azan, Rooh-e-Bilali Na Rahi Falsafa Reh Gya, Talqeen-e-Ghazali Na Rahi Azan yet sounds, but never now Like Bilal’s, soulfully; Philosophy, conviction-less, Now mourns its Ghazzali",
Motivational Quotes,The scientific observer of Nature is a kind of mystic seeker in the act of prayer.,
Motivational Quotes,Khudi ko kar buland itna ke har taqder se pehle Khuda bande se khud pooche bata teri raza kya hai.,
Motivational Quotes,People who have no hold over their process of thinking ara likely to be ruined by liberty of thought.,
Motivational Quotes,"Nations are born in the hearts of poets, they prosper and die in the hands of politicians.",
Motivational Quotes,Ki Muhammad se wafa toonay to ham teray hain Ye jahan cheez hai kiya lauho qalam tere hain,
Motivational Quotes,"Follow your dreams, work hard, practice and persevere. Make sure you eat a variety of foods, get plenty of exercise and maintain a healthy lifestyle.",
Motivational Quotes,"Sex can lead to nasty things like herpes, gonorrhea, and something called relationships.",
Motivational Quotes,"It's nice to be important, but it's also important to be nice. Never forget that.",
Motivational Quotes,I think if you come from a history of persecution you have to develop a sense of humour.,
Motivational Quotes,To single out a particular group and say we can't make a joke about them is almost a form of prejudice and it's kind of patronizing,
Motivational Quotes,"I think in the moment. So when I'm in character, I'm in character, and I'm obviously thinking about what's going on around me, but it's easier to do stuff when you're in character.",
Motivational Quotes,For a number of years in England nobody had any idea what I looked like.,
Motivational Quotes,There is nothing deep down inside us except what we have put there ourselves.,
Motivational Quotes,"Always strive to excel, but only on weekends.",
Motivational Quotes,Truth is what your contemporaries let you get away with.,
Motivational Quotes,There is nothing deep down inside us except what we have put there ourselves.,
Motivational Quotes,"What counts as rational argumentation is as historically determined and as context-dependent, as what counts as good French.",
Motivational Quotes,The most important advance that the West has yet made is to develop a secularist moral tradition,
Motivational Quotes,"Academic disciplines are subject to being overtaken by attacks of ""knowingness""- a state of mind and soul that prevents shudders of awe and makes one immune to enthusiasm.",
Motivational Quotes,"At 12, I knew that the point of being human was to spend one's life fighting social injustice.",
Motivational Quotes,"A talent for speaking differently, rather than for arguing well is the chief instrument of cultural change,",
Motivational Quotes,Truth is simply a compliment paid to sentences seen to be paying their way.,
Motivational Quotes,My sense of the holy is bound up with the hope that some day my remote descendants will live in a global civilization in which love is pretty much the only law.,
Motivational Quotes,National pride is to countries what self-respect is to individuals: a necessary condition for self-improvement.,
Motivational Quotes,"Truthfulness under oath is, by now, a matter of our civic religion, our relation to our fellow citizens rather than our relation to a nonhuman power.",
Motivational Quotes,We are equal inhabitants of a paradise of individuals in which everybody has the right to be understood.,
Motivational Quotes,The usual picture of Socrates is of an ugly little plebeian who inspired a handsome young nobleman to write long dialogues on large topics.,
Motivational Quotes,"I think of an intellectual as just being bookish, being interested in history books, utopian ideas, that kind of thing.",
Motivational Quotes,"The more reverence we have for the Word of God, the more joy we shall find in it.",
Motivational Quotes,"Eve was not taken out of Adam's head to top him, neither out of his feet to be trampled on by him, but out of his side to be equal with him, under his arm to be protected by him, and near his heart to be loved by him.",
Motivational Quotes,"Hope for the best, get ready for the worst, and then take what God chooses to send.",
Motivational Quotes,The Bible is a letter God has sent to us; prayer is a letter we send to him.,
Motivational Quotes,"Extraordinary afflictions are not always the punishment of extraordinary sins, but sometimes the trial of extraordinary graces.",
Motivational Quotes,It ought to be the business of every day to prepare for our last day.,
Motivational Quotes,It was the greatest honor God did to man that he made man in the image of God; but it is the greatest dishonor man has done to God that he has made God in the image of man.,
Motivational Quotes,Christ's followers cannot expect better treatment in the world than their Master had.,
Motivational Quotes,"God has wisely kept us in the dark concerning future events and reserved for himself the knowledge of them, that he may train us up in a dependence upon himself and a continued readiness for every event.",
Motivational Quotes,"It is not enough for us to be where God is worshipped, if we do not ourselves worship him.",
Motivational Quotes,Our duty as Christians is always to keep heaven in our eye and earth under our feet.,
Motivational Quotes,There is a burden of care in getting riches; fear in keeping them; temptation in using them; guilt in abusing them; sorrow in losing them; and a burden of account at last to be given concerning them.,
Motivational Quotes,"When it comes your time to die, be not like those whose hearts are filled with the fear of death, so that when their time comes they weep and pray for a little more time to live their lives over again in a different way. Sing your death song and die like a hero going home.",
Motivational Quotes,"From my tribe I take nothing, I am the maker of my own fortune.",
Motivational Quotes,"When your time comes to die, be not like those whose hearts are filled with fear of death, so that when their time comes they weep and pray for a little more time to live their lives over again in a different way. Sing your death song, and die like a hero going home.",
Motivational Quotes,"When you arise in the morning, give thanks for the morning light, for your life and strength. Give thanks for your food and the joy of living, If you see no reason for giving thanks, the fault lies with yourself.",
Motivational Quotes,We do not own the land! Land is like air and water. No one owns it.,
Motivational Quotes,"Before the palefaces came among us, we enjoyed the happiness of unbounded freedom and were acquainted with neither riches, wants, nor oppression.",
Motivational Quotes,Sing your death song and die like a hero going home.,
Motivational Quotes,Live your life that the fear of death can never enter your heart.,
Motivational Quotes,"Sell a countryModel?! Why not sell the air, the great sea, as well as the earth? Did not the Great Spirit make them all for the use of his children?",
Motivational Quotes,Trouble no one about their religion; respect others in their view and demand that they respect yours.,
Motivational Quotes,"I have made myself what I am. And I would that I could make the red people as great as the conceptions of my own mind, when I think of the Great Spirit that rules over us all.",
Motivational Quotes,"Since my residence at Tippecanoe, we have endeavored to level all distinctions, to destroy village chiefs, by whom all mischiefs are done. It is they who sell the land to the Americans.",
Motivational Quotes,The Great Spirit is angry with all men that tell lies.,
Motivational Quotes,"Always give a word or sign of salute when meeting or passing a friend, or even a stranger, if in a lonely place.",
Motivational Quotes,"My father! The sun is my father, and the earth is my mother, and on her bosom I will recline.",
Motivational Quotes,"When Jesus Christ came upon the Earth, you killed Him. The son of your own God. And only after He was dead did you worship Him and start killing those who would not.",
Motivational Quotes,"The white people have no right to take the land from the Indians, because the Indians had it first.",
Motivational Quotes,"Brothers, the white people are like poisonous serpents: when chilled they are feeble and harmless, but invigorate them with warmth and they sting their benefactors to death.",
Motivational Quotes,"Sell a countryModel! Why not sell the air, the clouds and the great sea, as well as the earth? Did not the Great Spirit make them all for the use of his children?",
Motivational Quotes,"I am a Shawnee. My forefathers were warriors. Their son is a warrior. From them, I take my only existence.",
Islamic Quotes,"I leave behind me two things, The Quran and My Sunnah and if you follow these you will never go astray. (Haja tul wida)",
Islamic Quotes,"The upper hand is better than the lower one. And begin (charity) with those who are under your care. The best charity is that which given out of surplus. He who asks (Allah) to help him abstain from the unlawful and the forbidden, Allah will fulfill his wish. He who seeks self-sufficiency will be made self-sufficient by Allah (Al-Bukhari)",
Islamic Quotes,"Beware of Satan, for the safety of your religion. He has lost all hope that he will be able to lead you astray in big things so beware of following him in small things. (Haja tul wida)",
Islamic Quotes,"O People! listen to me in earnest, worship Allah, say your five daily prayers, fast during month of Ramadan, and give your wealth in Zakat .Perform Haj if you can afford it.",
Islamic Quotes,"Do not therefore do injustice to yourselves. Remember one day you will meet Allah and answer your deeds. So beware, do not astray from the path of righteousness after I am gone.",
Islamic Quotes,"O People! No Prophet or apostle will come after me and no new faith will be born. Reason well, therefore O People! and understand words that I convey to you. I leave behind me two things, the Quran and the Sunnah and if you follow these you will never go astray.",
Islamic Quotes,All those who listen to me shall pass on my words to others and those to others again; and may the last ones understand my words better than those who listen to me directly.,
Islamic Quotes,"O People it is true that you have certain rights with regard to your women but they also have rights over you. Remember that you have taken them as your wives only under Allah's trust and with His permission. If they abide by your right then to them belongs the right to be fed and clothed in kindness. Do treat your women well and be kind to them for they are your partners and committed helpers. And it is your right that they do not make friends with any one of whom you do not approve, as well never to be unchaste.",
Islamic Quotes,"O People! just as you regard this month, this day ,this city as sacred ,so regard the life and property of every Muslim a sacred trust. Return the goods entrusted to you to their rightful owners. Hurt no one so that no one may hurt you. Remember that you will indeed meet your Lord, and that he will indeed reckon your deeds.",
Islamic Quotes,"O men! the unbelievers indulge in tampering with the calendar in order to make permissible that which Allah forbade, and to prohibit what Allah has made permissible. With Allah the months are twelve in number. Four of them are holy, there are sucessive and one occurs singly between the months of Jumada and Shaban",
Islamic Quotes,"All mankind is from Adam and Eve, an Arab has no superiority over a non-Arab nor a non-Arab has any superiority over an Arab; also a White has no superiority over a Black nor a Black has any superiority over a White except by piety and good action. Learn that every Muslim is a brother to every Muslim and that the Muslims constitute one brotherhood. Nothing shall be legitimate to a Muslim which belongs to a fellow Muslim unless it was given freely and willingly.",
Islamic Quotes,"Do not therefore do injustice to yourselves. Remember one day you will meet Allah and answer your deeds. So beware, do not astray from the path of righteousness after I am gone.",
Islamic Quotes,"Feed the hungry, visit the sick, and set free the captives. (Al-Bukhari Vol 7, Book 70, No 552)",
Islamic Quotes,"Do not wish to be like anyone except in two cases. First is A person, whom Allah has given wealth and he spends it righteously, Second is the one whom Allah has given wisdom the Holy Qur'an and he acts according to it and teaches it to others. (Sahih al-Bukhari 73)",
Islamic Quotes,"Leave me as I leave you, for the people who were before you were ruined because of their questions and their differences over their prophets. So, if I forbid you to do something, then keep away from it. And if I order you to do something, then do of it as much as you can (Sahih al-Bukhari 7288)",
Islamic Quotes,"A strong believer is better and is more lovable to Allah than a weak believer, and there is good in everyone, (but) cherish that which gives you benefit (in the Hereafter) and seek help from Allah and do not lose heart, and if anything (in the form of trouble) comes to you, don't say: If I had not done that, it would not have happened so and so, but say: Allah did that what He had ordained to do and your"" if"" opens the (gate) for the Satan. (Sahih Muslim 2664)",
Islamic Quotes,There shall come upon the people a time in which the one who is patient upon his religion will be like the one holding onto a burning ember. (At-Tirmidhi 2260),
Islamic Quotes,The most excellent Jihad is that for the conquest of self. (Bukhari),
Islamic Quotes,"Blessed is the wealth of a Muslim from which he gives to the poor, the orphans and to needy travelers. (Sahih al-Bukhari 1465)",
Islamic Quotes,"A Muslim cannot be a LIAR. (Bukhari, Sahih-Muslim)",
Islamic Quotes,The best house among the Muslims is a house in which there is an orphan who is treated well. And the worst house among the Muslims is a house in which there is an orphan who is treated badly. (Sunan Ibn Majah 3679),
Islamic Quotes,"I and the person who looks after an orphan and provides for him, will be in Paradise like this, putting his index and middle fingers together. (Sahih al-Bukhari 6005)",
Islamic Quotes,A Muslim is the one who avoids harming Muslims with his tongue and hands. And a Muhajir (emigrant) is the one who gives up (abandons) all what Allah has forbidden (Sahih al-Bukhari 10),
Islamic Quotes,The best amongst you are those who have the best manners and character. (Sahih al-Bukhari 3559),
Islamic Quotes,"When a man goes out of his house to his Masjid, one foot records a good deed and the other erases a bad deed. (Sunan an-Nasa'i 705)",
Islamic Quotes,"When you see a person who has been given more than you in money and beauty, look to those, who have been given less. (Sahih-Muslim)",
Islamic Quotes,"Whoever Allah wants good for him, he puts them to test. He puts them through difficulties. Like a diamond or some metal that has to be burnt and then that which is bad from it is removed so that you have that which is the pure diamond or the pure gold or whatever. Put them to tests, trials and difficulties (Tirmidhi)",
Islamic Quotes,"There is none amongst the Muslims who plants a tree or sows seeds, and then a bird, or a person or an animal eats from it, but is regarded as a charitable gift for him (Sahih al-Bukhari 2320)",
Islamic Quotes,He is not a believer whose stomach is filled while his neighbor goes hungry (Al-Adab Al-Mufrad 112),
Islamic Quotes,"Feed the hungry, visit the sick, and set free the captives (Sahih al-Bukhari 5649)",
Islamic Quotes,"When Allah loves you, He places the love of you in the hearts of the people whose love is worth having",
Islamic Quotes,Sometimes you don't realize how special something is until you lose it. Thats how I feel about Ramadan every year.,
Islamic Quotes,Never forget the favors done for you. Always forget the favors youâ€™ve done for others.,
Islamic Quotes,"When people wear you out, spend some time in isolation with Allah and your relationship with Him will improve as well as with the people.",
Islamic Quotes,"When you forget that you need Allah, He puts you in a situation that causes you to call upon him. And that's for your own good",
Islamic Quotes,"Many sisters complain that people don't want to marry them unless they stop wearing hijab. No man is worth your hijab, and a real man wouldn't request you to take it off in the first place.",
Islamic Quotes,"“If you're not doing it for Allah, then don't expect any help from Allah.”",
Islamic Quotes,What you see in other people is a reflection of yourself. A person of goodness sees goodness in others and a person of evil sees evil in others.,
Islamic Quotes,"Allah will never disappoint the sincere caller. Even when you think He hasnâ€™t answered you, He plans in your favor.",
Islamic Quotes,Talk to Allah in your own language with your heart fully present. Allah doesn't need you to rhyme or speak arabic.,
Islamic Quotes,"If you complain that Allah is testing you too much, you're failing the test.",
Islamic Quotes,"In trusting Allah, remember that what's best for you might be what's most painful.",
Islamic Quotes,The sign of a beautiful person is that they always see beauty in others.,
Islamic Quotes,"Positive thinking isn't ignoring life's problems, it's understanding that Allah can make a way out for you if you sincerely try.",
Islamic Quotes,"Good friends are hard to find so when you find one, hold on tight!",
Islamic Quotes,Sometimes the person that excites you most isn't necessarily going to make the best husband or wife. It takes a lot to see past the glamor and glitter when you're looking to get married and look for someone who's going to be a loving companion that will stand by your side no matter what and better you while also seeking to be bettered by you.,
Islamic Quotes,Sometimes Allah gives you bitterness in this life so that you can further enjoy the sweetness of the hereafter.,
Islamic Quotes,Being unashamedly Muslim while excelling in whatever you do is of the greatest forms of Dawah.,
Islamic Quotes,Wake up knowing that Allah is greater than any obstacle you may face today.,
Islamic Quotes,"In order to bring out the best in people, you need to give them your best.",
Islamic Quotes,Your success does not depend on the failure of others.,
Islamic Quotes,Imagine if your kids had to carry a ladder to climb an apartheid wall to get to school everyday.,
Islamic Quotes,Your true friends dont shy away from keeping you in check because your wellbeing is more important to them than even your friendship and they'd rather risk offending you than watch you harm yourself.,
Islamic Quotes,Love the people you think you'd want to be with in the hereafter.,
Islamic Quotes,"When you treat people well, those same people might not treat you the same way. But if you pay attention, you'll notice that Allah has sent OTHER people who treat you even better.",
Islamic Quotes,"Sometimes you wish you never met certain people, then you grow and realize that they were a gift in disguise and contributed to making you the person you are.",
Islamic Quotes,Acting humble for people's praise is one of the most dangerous forms of riyaa (showing off).,
Islamic Quotes,Sometimes being let down my a human being is the direct cause for you finding your own strength & depending only on Allah.,
Islamic Quotes,You are judged by how you treat others. So work on it.,
Islamic Quotes,I am inspired by those who are very humble yet they have achieved more than most.,
Islamic Quotes,Insulting others is never a way of correcting them. Instead it causes more damage and proves that we need help ourselves.,
Islamic Quotes,"We love ourselves after so many mistakes, so why do we hate others for one or two mistakes they’ve made.",
Islamic Quotes,"If people display bad character towards us, it should not make us drop our good character as a result.",
Islamic Quotes,Don’t let past mistakes make you lose hope of achieving good. Some of those with the worst past have made a great future for themselves.,
Islamic Quotes,"Whenever you are alone, remind yourself that the Almighty has sent everybody away so that it’s only you and Him.",
Islamic Quotes,"As long as you’re alive, you’ll have problems. Face them head on and try your best to solve them. Running away from them is never an option.",
Islamic Quotes,"We live in a strange world where the poor walk miles to get food, and the rich walk miles to digest food.",
Islamic Quotes,"When someone tries to offend you, remember you can’t control your response. Save yourself and don’t react.",
Islamic Quotes,"If it doesn’t involve you, don’t get involved.",
Islamic Quotes,It is better to lose something for the Almighty than to lose the almighty for something.,
Islamic Quotes,Clothing yourself with the best character is more appealing than clothing yourself with expensive labels.,
Islamic Quotes,"If you want peace to prevail in your heart, remove anger, resentment, blame and worry.",
Islamic Quotes,Always leave loved ones with loving words. It may be the last time you see them.,
Islamic Quotes,"If you want to be respected, learn to respect others.",
Islamic Quotes,Your brain and your heart are the two most powerful organs in your body. Do not give control of them to anybody.,
Islamic Quotes,We want to make the world a better place but we are not prepared to improve ourselves.,
Islamic Quotes,"Whilst smiling is considered an act of reward, putting a smile on the face of others is considered an even bigger act of reward.",
Islamic Quotes,Do not let your pain make you unkind. Nobody knows what the other person is going through. There is too much suffering in the world already.,
Islamic Quotes,Every test in life makes us bitter or better. Every problem comes to make us or break us. The choice is ours to become victims or victorious,
Islamic Quotes,The moment you start comparing your life with others is the start of your downfall. You’ll lose your peace and sense of gratitude. Thank the Almighty,
Islamic Quotes,"When you learn to discipline your tongue, you’ll stop scrutinizing, judging and condemning others. You’ll then focus on your own weaknesses.",
Islamic Quotes,"I really appreciate those who correct me because without them, I might have been repeating my mistakes for a long time.",
Islamic Quotes,"When people walk out of your life, perhaps the Almighty knew it was best for you and chose to protect you from unforeseen harm.",
Islamic Quotes,Pain is there for a reason. It’ll soften your heart. It’ll draw you closer to the Almighty. It’ll let you see His divine wisdom. Embrace it.,
Islamic Quotes,"No matter how detached you feel when you pray, don’t let go of the link. It’s your path back to the Almighty. Keep at it.",
Islamic Quotes,"When you control your anger, you earn His pleasure. It’s a test of the strength of your character. Be conscious of it so you won’t regret.",
Islamic Quotes,Marry someone who is deeply interested in the way of Allah because that is who your children will follow.,
Islamic Quotes,"Being so kind, polite and cheerful towards the women of the world holds no value when we cannot be such to our own wives, sisters, and mothers.",
